"UserID";"UserType";"FirstName";"LastName";"Phone";"Address";"email";"password"
"";"";"";"";"";"";"";""
"2000314410554";"user";"Sasindu";"Sulochana";"0775450236";"Dankotuwa";"sasindusulochana99@gmail.com";"PMss@123"
"68464684";"user";"banula";"lakwindu";"0745488466";"rathnapura";"banula@gmail.com";"banula"
"6874667414v";"user";"jhon";"smith";"6546498848";"uk";"jhon@gmail.com";"jhon"
"8646464854v";"user";"mihiri";"elapatha";"0766392569";"kaluthara";"mihiri@gmail.com";"mihiri"
"9734403v";"admin";"lahiru";"randima";"0766392569";"dankotuwa";"lahiru@gmail.com";"lahiru"
"97654169846v";"user";"kasun";"nadeesha";"01164849879";"kaluthara";"kasun@gmail.com";"kasun"
